balance,time
1.77389155,1714466965.1413581
